store_number,recency,frequency,monetary_value
10003,4,791,76617.08
10004,4,196,26655.329999999987
10005,4,1033,88891.35
10016,15,191,23576.590000000007
10017,10,177,23028.170000000013
10018,32,204,27072.31
10019,3,470,57709.030000000006
10020,1,885,57740.820000000022
10021,2,658,80583.06
10023,16,128,18799.339999999997
10024,12,211,25149.749999999993
10025,30,150,22408.339999999993
10028,1,366,44904.980000000032
10029,2,1336,109512.89000000001
10030,11,14,8568.0
10032,2,216,31008.440000000006
10033,3,468,21643.649999999994
10034,15,241,35511.01
10035,4,834,46525.42
10036,4,559,90422.62000000001
10037,1,2412,99275.410000000047
10038,5,267,16280.319999999996
10039,1,2692,490035.25
10040,18,141,7979.5900000000011
10042,1,527,24678.440000000002
10044,1,125,16203.349999999999
10045,4,373,33783.8
10046,4,462,31946.21999999999
10048,19,152,19504.059999999998
10049,3,318,14993.850000000004
10050,3,388,21811.71
10051,15,191,22078.630000000005
10052,22,115,15757.25
10053,1,306,13744.549999999994
10057,9,225,26154.890000000007
10058,4,296,34725.479999999996
10059,10,50,11918.889999999998
10060,2,796,79601.700000000012
10061,3,210,10041.72
10062,1,133,18180.91
10063,3,264,27612.070000000007
10064,1,122,12659.13
10065,5,915,313016.26999999996
10066,53,125,14238.76
10067,73,101,7043.4199999999992
10070,4,378,44791.839999999989
10071,57,399,9255.72
10072,4,231,24220.159999999993
10073,1,328,35161.599999999984
10074,4,202,747749.01
10075,12,75,1697.6200000000006
10076,1,1284,124925.77999999997
10077,3,123,17079.85999999999
10078,2,199,25718.150000000009
10080,3,118,14166.069999999998
10081,3,104,3108.0700000000006
10082,1,194,48208.179999999986
10083,15,145,17729.980000000007
10089,10,23,1582.5900000000001
10090,16,66,9515.6799999999967
10091,15,73,11286.369999999999
10093,3,176,23504.510000000009
10094,29,72,11205.96
10095,3,159,18072.440000000002
10096,26,112,8574.9
10097,3,216,22847.160000000007
10098,4,29,3197.73
10099,5,235,47887.450000000004
10100,4,143,12860.09
10101,26,28,2213.69
10102,4,536,21173.73000000001
10103,1,195,29449.019999999993
10106,3,37,3157.7599999999998
2106,2,3527,943273.57000000018
2130,2,3356,1433912.3299999998
2190,1,13133,2368235.8300000005
2191,3,6286,1338038.0800000008
2200,4,3214,282037.14999999997
2201,2,3225,1254263.34
2228,4,3435,339519.32000000007
2233,3,1800,241230.89999999991
2238,334,22,5589.49
2248,2,4266,574644.7
2285,3,3601,746729.63000000024
2445,1,2051,104761.03999999996
2459,1,1489,123410.79000000001
2465,4,5127,851971.32999999973
2478,2,1476,266115.05
2500,2,5576,1138098.4199999992
2501,2,8709,2293230.6100000003
2502,2,10873,2249438.3499999992
2505,1,5561,859941.1399999999
2506,1,9130,1427388.0200000003
2507,1,1671,267703.41000000003
2508,5,6324,848641.54999999981
2509,5,3751,621440.16
2512,3,9730,5927331.4999999981
2513,3,4568,544593.42
2515,2,10616,1872289.3800000008
2517,3,4261,872962.75999999989
2518,1,3427,606736.46999999986
2521,1,6762,1128366.7500000002
2522,3,7445,786880.03999999992
2523,1,2006,321289.00000000006
2524,1,7329,1853773.2700000003
2527,5,6214,1199502.0599999998
2528,2,6181,1306307.2400000002
2529,1,2908,366514.41000000003
2532,1,5023,669185.35999999987
2535,4,3211,689216.35000000009
2536,2,6020,1131641.4400000002
2538,2,10917,1222646.1599999997
2539,4,4630,729297.73999999987
2543,1,5841,980963.03000000026
2544,4,8401,1113924.5199999998
2545,3,4946,613683.87999999989
2548,2,7457,1780068.1400000001
2549,4,5797,1285932.89
2550,9,1649,250389.37000000005
2551,1,4963,554100.38999999978
2552,5,6535,1073026.5699999996
2553,9,2558,295203.50999999978
2554,5,1625,170480.85
2555,3,6615,827609.23999999976
2556,3,3282,440327.15000000014
2558,3,4894,880957.57000000007
2559,1,764,120557.19
2560,1,9806,1438964.2300000002
2561,5,6070,1602671.6899999995
2562,1,2161,454805.82
2565,3,8743,1026331.7000000002
2566,1,2368,402772.8899999999
2567,4,3354,588132.69999999972
2568,5,2135,203567.53999999995
2571,2,5387,815826.67
2572,2,13906,1349964.5199999996
2573,4,9948,1351575.1899999997
2575,2,1650,255505.34
2576,4,6941,685570.29
2578,4,4586,622531.74000000011
2579,4,1720,361884.47999999975
2582,2,5918,798043.75999999954
2584,3,3128,271051.7300000001
2585,3,3194,771305.15
2587,2,4506,896828.03000000038
2588,2,9954,1054674.4499999997
2590,3,10493,1578771.76
2591,1,4227,718261.87
2593,4,6242,1473988.29
2594,2,5887,1079740.9200000002
2595,4,3187,665832.19999999984
2596,3,2739,218349.79000000004
2597,4,1274,199479.45999999996
2600,3,1358,231997.03
2601,3,2784,673354.15999999992
2602,1,5217,655202.43000000017
2603,4,13479,2129270.03
2604,4,4157,717012.3400000002
2605,3,5102,988527.65000000026
2606,1,3781,770851.37999999989
2607,1,3264,416488.04
2611,3,4057,448914.02000000008
2612,1,2113,249050.88
2613,1,6676,1404940.1199999994
2614,3,9914,2057507.2999999998
2616,4,8707,1318809.9300000002
2618,1,4563,474504.22999999992
2619,2,8936,2234134.1900000009
2620,2,7228,1046911.7299999999
2621,2,9850,1350001.1800000002
2622,3,6147,952374.14000000013
2623,4,6177,1207171.9199999995
2624,1,6294,1235894.2800000005
2625,3,6813,1707315.4399999997
2626,2,4250,1009503.9899999999
2627,2,2425,390345.12
2628,4,1141,143759.40000000005
2629,3,10675,1896618.6700000002
2630,5,1421,279045.61
2633,1,19822,14186028.750000004
2635,5,7029,1583251.19
2636,2,3995,726756.24
2637,4,8310,1019454.6299999997
2642,3,6414,1066841.2100000004
2643,3,6933,759847.52
2644,1,5916,1500061.99
2647,3,14461,2252917.0000000005
2648,2,10236,1857856.1699999997
2649,1,7345,761945.17999999982
2650,4,4638,700068.65999999992
2651,2,9037,1212141.7500000007
2652,2,2872,420645.79000000004
2653,3,2281,544859.50999999989
2655,1,2222,205277.84
2656,4,2021,187470.84000000003
2657,1,1001,70197.150000000009
2658,1,1225,182362.40999999989
2660,4,3562,296077.10000000003
2661,4,3967,547071.8600000001
2662,4,4196,703745.57000000007
2663,1,5371,3011367.459999999
2665,2,9121,2310716.0000000005
2666,4,10253,2089550.5800000005
2667,4,566,52360.749999999993
2668,1,699,65632.61
2669,14,902,115255.71000000008
2670,3,11517,2616271.1100000013
2671,4,1861,359664.68
2672,4,1388,274251.09
2673,1,3701,657432.11999999988
2674,4,426,41001.960000000014
2675,3,8901,1606239.94
2676,74,45,6516.1
2677,1,292,36339.500000000007
2678,5,1805,131751.91000000003
2679,2,2069,130650.43
2681,3,198,27750.24
2683,5,731,61461.94
2684,3,1541,217176.77
2685,3,933,157605.90999999995
2686,13,256,31300.400000000005
2687,12,316,37256.830000000009
2688,15,267,28691.959999999995
2689,19,212,32551.95
2690,96,32,1641.82
2691,2,2415,170751.37999999998
2692,46,37,8565.45
2693,1,127,7597.7399999999971
2695,1,193,20680.550000000007
2696,4,554,65248.309999999976
2697,11,1210,180260.72
2698,19,165,15525.820000000002
2699,17,189,20255.69
2700,3,1183,204784.02999999997
2702,2,377,36337.699999999983
2703,12,228,17936.330000000005
2704,3,1106,196718.64
2705,4,1236,192855.78000000003
2706,17,171,12827.84
2707,5,411,33125.279999999992
2708,2,295,33017.4
2709,4,786,45179.659999999982
2710,14,464,17169.030000000002
2711,16,633,31218.319999999989
2712,1,3865,593694.12
2713,1,726,187391.97000000003
2714,1,1242,211355.96
2715,4,429,98080.939999999988
2716,4,645,113886.73000000003
2717,36,27,3234.2999999999993
2718,1,542,104714.02999999996
2719,1,504,53115.330000000009
2720,19,250,25327.390000000003
2721,4,894,28670.580000000013
2722,19,46,7723.36
2723,2,169,23138.400000000009
2806,4,2495,347531.66
2835,30,147,22034.820000000003
2836,65,125,10218.71
2837,11,339,30164.740000000005
2838,68,103,15795.289999999999
2839,12,92,11383.82
2840,12,454,58731.729999999989
2841,16,312,44762.82
2843,31,248,31694.91
2844,16,262,25925.979999999996
2845,15,186,23483.590000000004
2846,54,108,8377.0600000000013
2847,162,107,13481.88
2848,94,16,2237.8800000000006
2849,295,61,10725.120000000003
2850,78,207,34625.299999999988
2851,19,95,17576.500000000004
2852,100,114,18357.839999999993
2853,65,91,15845.939999999997
2854,121,48,8638.7400000000016
3045,3,1118,135930.66
3054,4,1455,91035.3
3065,1,1086,80076.7
3354,4,2479,2200064.0100000002
3385,2,2855,3050270.370000001
3390,3,5974,1631928.8099999998
3403,1,2535,123123.50999999998
3417,4,3586,330516.54999999993
3420,2,2865,3178965.9999999991
3443,3,4431,635018.95
3447,2,2232,2266156.2300000014
3456,2,6201,664670.54999999993
3461,1,1811,164075.82000000004
3465,3,1664,162563.65999999997
3477,2,1992,1921541.65
3484,10,771,67376.260000000009
3488,4,1814,326240.23999999993
3494,2,2441,2326262.5299999993
3514,1,3155,365844.34000000008
3521,3,782,476063.92999999982
3524,2,1946,1806062.7699999998
3525,1,3604,780810.42999999993
3528,2,702,141772.96
3540,11,1046,226298.67000000019
3542,40,627,69665.150000000009
3549,3,2327,653835.46999999986
3562,1,3322,561599.69
3563,4,2048,332246.44000000006
3565,4,1388,121475.32000000005
3592,1,3190,576313.69
3611,4,803,105684.24
3618,4,1340,230831.34000000003
3622,3,2898,591235.7100000002
3624,3,1134,194860.59
3625,2,3642,705950.58
3626,3,2113,384177.61999999976
3628,3,1274,240112.30999999997
3629,2,3140,521986.58000000019
3632,1,2292,386855.89999999991
3644,2,3286,571121.16999999981
3645,2,2578,426410.11999999982
3647,4,2151,370997.9800000001
3650,4,2482,344188.10000000003
3651,4,2672,490524.25999999983
3652,18,122,20292.269999999997
3654,3,341,58440.34
3656,2,1244,279685.8899999999
3660,1,1547,256202.44
3663,2,1650,263528.88999999996
3664,4,2483,288996.16000000003
3666,4,1511,348330.57999999996
3670,3,2610,448656.28999999992
3678,1,1153,154647.42000000007
3679,1,2278,170714.87999999992
3682,3,996,140132.18
3690,11,725,144399.41999999998
3691,1,1306,303799.80999999994
3695,3,1156,147034.95
3696,5,1489,273111.94000000006
3698,1,1101,172426.69
3704,3,4539,301723.06999999995
3705,4,2764,282378.78
3707,3,1798,405453.45000000013
3710,1,77,16573.749999999996
3712,1,2292,156780.91
3713,2,2491,457767.64000000007
3715,3,1941,233929.66
3717,11,1180,68063.69
3719,4,1825,306694.32
3721,1,2556,455337.98000000021
3722,2,3191,588929.62000000011
3723,4,5697,245217.27999999997
3726,1,1357,226381.7
3728,1,768,89859.760000000009
3731,4,3142,552485.99000000011
3732,1,2947,305299.24999999988
3738,4,510,58394.580000000016
3742,4,1294,228077.49999999994
3744,1,1151,197482.45000000004
3749,4,1552,256363.18
3756,4,2340,118588.16
3757,2,3486,641003.0700000003
3763,4,595,66224.369999999981
3769,2,3620,683302.31000000017
3773,3,13743,4654693.5500000007
3774,4,938,108004.93
3776,5,2262,369424.63000000018
3782,1,1053,128374.32000000004
3784,3,1822,185563.67000000004
3789,3,1490,268707.16
3790,3,1711,292733.62
3805,4,1196,276502.37000000005
3806,5,1312,310683.05999999988
3811,3,1398,210017.24999999991
3814,4,1275,4243801.9200000009
3818,175,2320,116325.41000000003
3820,4,7236,1279656.8800000001
3822,4,532,86078.409999999974
3825,9,902,154399.06999999998
3826,270,71,13956.779999999999
3829,2,1984,147360.62999999998
3830,1,1622,303808.79
3831,1,1372,104473.93999999999
3833,1,1949,348548.90000000008
3841,12,781,37610.430000000008
3842,3,2867,430670.2900000001
3845,1,179,28151.069999999989
3849,1,1006,128144.67000000006
3857,1,2279,295787.89
3859,3,1247,243015.87999999995
3866,10,824,177069.83
3868,1,3956,753916.05
3870,2,620,133872.72
3871,33,188,41728.500000000007
3872,1,406,84849.599999999991
3873,3,904,192257.91
3877,2,965,206761.01999999996
3879,11,987,219190.68000000002
3880,9,721,131866.91999999995
3881,4,3208,685082.50999999966
3882,82,467,47333.79000000003
3886,1,1937,329015.02000000008
3888,4,1096,233306.90000000008
3889,2,1418,282229.10000000009
3890,5,2736,120000.11999999998
3896,291,263,12992.779999999995
3899,2,3983,740159.98
3901,1,440,95683.239999999947
3907,12,1365,53898.789999999994
3909,1,856,127790.58
3910,1,554,133271.84000000005
3912,12,1701,86869.04
3916,1,1182,53165.649999999994
3917,3,2345,120716.80000000005
3918,4,1278,81532.010000000009
3920,4,2258,101962.75999999998
3928,4,2198,76192.120000000054
3930,11,792,173922.08000000005
3932,4,2457,254168.46
3934,4,1294,226144.22
3942,4,2129,357894.08999999991
3943,4,2716,164573.34
3944,1,1714,1773047.1400000004
3949,3,984,196530.29000000004
3952,82,3412,1323643.6100000008
3959,4,767,49219.61
3964,1,894,65582.809999999983
3973,2,2355,365750.17999999993
3980,3,2475,427635.26
3981,4,1608,282417.5199999999
3987,248,414,60964.269999999982
3990,3,5806,421888.38999999984
3993,3,3253,442156.61999999988
3997,4,828,157486.29000000012
4000,4,2324,116364.13
4001,4,1478,260729.97999999998
4004,2,3747,714479.89999999979
4006,3,681,145263.78
4011,1,1929,281364.01000000013
4013,4,872,134836.15999999997
4014,4,1303,214890.32
4015,2,2966,503116.04000000015
4019,3,1164,214295.21999999994
4021,3,1517,269547.00000000017
4023,1,1825,317627.91999999993
4024,4,937,154116.45000000004
4025,12,1288,100901.80999999997
4027,1,1416,230199.62
4042,1,307,49893.530000000006
4051,4,1951,343730.6
4056,99,87,18471.84
4057,1,2983,410242.41000000027
4067,1,1085,85888.19
4068,3,2487,299773.53
4069,1,1430,318803.00000000017
4070,4,2247,205883.83000000002
4073,3,1978,311495.32
4083,2,3291,348624.81
4084,2,1697,343169.12000000011
4091,2,1160,343558.52
4092,1,2006,736868.19
4098,3,1172,196830.68000000014
4102,2,1418,164088.37000000005
4103,2,2007,323637.58
4104,2,592,118331.20000000001
4105,2,1301,283504.36000000004
4106,12,543,25770.809999999987
4107,1,2453,397994.77999999985
4110,4,1133,159538.64999999994
4116,4,665,85072.460000000036
4119,9,417,87590.999999999985
4126,4,1136,161204.71000000002
4129,1,8951,1175878.3299999998
4130,10,247,30663.63
4131,4,1780,386252.32999999984
4132,4,874,109924.74000000003
4135,2,2251,400329.70000000013
4136,1,1959,597946.80999999994
4137,3,1325,159634.58000000005
4138,4,1236,187470.9500000001
4140,1,1924,328908.20999999996
4143,4,714,136581.67
4146,4,963,196455.34000000008
4147,2,2182,302647.9200000001
4148,3,1799,223976.5
4149,4,1055,155132.43000000002
4150,2,1292,195477.49999999997
4152,4,5473,255146.39000000007
4153,3,1888,173732.62000000002
4154,10,969,165952.76000000004
4155,1,750,225032.68000000008
4156,3,2008,280101.53999999992
4157,5,1549,188043.29999999996
4158,4,1609,237440.75000000003
4159,1,1338,263705.94000000018
4160,3,929,146045.31000000003
4161,3,1295,196512.88000000003
4162,4,1654,324263.7699999999
4163,4,804,165452.74000000002
4169,1,5863,413888.98999999993
4171,1,1029,97098.309999999969
4172,12,561,62757.090000000004
4180,1,3625,147880.08
4182,1,1297,249960.08000000005
4183,1,1701,275563.06999999989
4184,4,1014,139059.10999999996
4185,4,1973,289719.75999999989
4186,1,1056,165055.94000000003
4189,3,1438,229053.98999999993
4190,4,1694,200747.76000000004
4191,3,774,108241.8
4192,4,1110,315062.0400000001
4194,3,1335,177763.14999999997
4195,4,1529,102619.83000000005
4196,4,1293,612251.98999999976
4197,2,1451,217547.12999999998
4200,2,1362,258915.29000000004
4201,2,1528,556819.63999999966
4202,2,1203,239107.91000000018
4203,4,2196,283584.66000000009
4204,4,1381,296449.51999999996
4205,4,1189,173738.69
4209,1,2287,456565.00999999989
4210,12,167,45174.719999999972
4228,1,1318,231939.10999999996
4229,4,1413,285531.76999999984
4230,5,943,133173.76
4231,4,1252,284913.94000000012
4232,1,642,97004.319999999963
4233,4,1193,134515.01
4234,3,637,154167.16999999995
4235,1,651,103029.35
4236,3,971,169415.91000000003
4239,3,1639,359015.39999999997
4246,1,1095,153467.78
4247,3,1108,151869.98
4248,4,546,120408.88999999997
4249,1,708,91268.810000000027
4250,4,869,115220.88999999997
4252,1,873,158241.82999999996
4253,4,1209,207629.42
4254,3,744,102624.9
4255,4,1208,340140.32000000012
4256,4,1200,278785.94999999995
4258,1,1174,270557.13999999996
4260,4,1729,322329.01000000007
4265,3,2255,374684.60000000009
4266,1,470,74403.319999999992
4267,1,886,34973.340000000011
4268,3,1046,101682.56999999996
4269,4,3415,379154.49
4271,1,1582,209780.9499999999
4272,3,1125,125731.36
4273,1,5151,140360.84999999998
4275,1,1151,286094.89999999991
4277,4,2023,330304.8299999999
4279,3,465,34469.489999999983
4284,4,625,137387.61000000007
4285,4,1650,279053.45999999996
4289,1,635,65418.729999999981
4291,1,4099,545160.56
4296,3,1651,102412.31000000003
4299,1,1403,163990.99000000008
4300,3,1728,311766.35
4301,1,1941,507810.10999999993
4306,4,1624,80929.020000000019
4310,4,1343,135680.91999999998
4311,1,1142,221568.38999999996
4312,3,3812,3449733.0
4313,1,961,135279.46000000002
4315,3,425,82528.949999999968
4317,1,1528,152033.82000000004
4318,1,1575,238191.41
4319,1,891,99155.880000000019
4320,1,1717,266864.47000000003
4321,4,780,84699.86
4324,1,359,45260.869999999995
4326,1,486,36880.0
4334,1,1864,383346.16
4336,11,1088,66034.469999999987
4337,4,1107,141962.31000000006
4338,235,29,9395.6999999999989
4346,1,2298,116149.90999999999
4351,2,194,16905.039999999997
4353,2,550,53895.830000000009
4355,4,942,63307.219999999994
4359,2,825,48665.340000000011
4361,1,1707,86798.540000000023
4362,36,323,33750.590000000011
4364,18,423,31411.850000000002
4365,4,367,35041.720000000023
4366,4,1430,58071.36000000003
4368,2,682,59252.849999999977
4369,1,1129,80987.209999999977
4370,1,1481,74145.160000000018
4371,5,1204,77984.56
4373,89,1344,59801.180000000022
4374,1,1513,58930.260000000038
4375,1,1393,76729.930000000008
4377,1,1435,47050.339999999982
4378,1,1573,97219.24000000002
4379,5,1090,59155.590000000004
4380,4,403,34062.30999999999
4382,2,1380,92742.630000000019
4384,1,619,55979.820000000014
4385,11,828,43454.420000000013
4387,17,474,45867.600000000006
4393,2,1332,58446.969999999994
4395,4,865,73454.239999999976
4396,11,321,43839.62
4397,2,1309,34666.11
4401,15,412,44012.170000000006
4402,1,793,66457.590000000011
4404,2,841,57004.82999999998
4405,2,797,52432.509999999987
4406,2,761,95515.640000000043
4411,1,672,59409.35
4412,12,530,50556.569999999985
4414,15,607,50958.37
4417,1,610,50899.80000000001
4418,22,229,20044.989999999991
4419,22,304,26944.160000000003
4421,96,231,22437.999999999993
4424,1,368,47222.63
4427,11,864,33023.08
4428,2,2271,92606.820000000036
4429,3,602,52768.960000000014
4433,2,485,37074.149999999994
4436,2,638,56241.63
4438,289,156,7788.5199999999968
4439,1,1009,55098.30999999999
4443,1,687,129661.46999999999
4444,4,731,57130.94000000001
4446,2,1661,121806.17000000003
4448,1,1376,46828.280000000013
4449,2,1282,62109.720000000008
4450,1,1563,68045.299999999974
4452,4,2080,221492.50000000012
4453,10,495,39446.920000000013
4455,110,223,17408.049999999996
4456,4,1360,73685.74000000002
4457,4,776,78633.939999999959
4459,3,1322,63304.130000000026
4463,3,1721,133623.77000000002
4464,1,1085,119909.17000000004
4466,25,543,82688.95
4467,12,1258,52380.940000000024
4468,12,160,22832.22
4472,1,714,80219.680000000051
4473,22,420,72081.400000000038
4478,190,885,123516.84999999998
4480,26,380,55573.690000000024
4482,4,873,112327.85999999997
4487,3,746,110345.04
4489,4,680,92004.659999999974
4490,4,769,113210.25000000006
4491,23,520,86446.299999999988
4492,4,1460,152681.97999999998
4493,12,440,63191.789999999986
4495,4,674,101631.14000000001
4496,9,897,57395.869999999995
4497,4,237,33274.480000000018
4498,3,593,50272.130000000019
4499,10,461,38161.600000000006
4500,18,379,61666.48
4501,59,488,53162.58
4503,2,615,40263.030000000021
4504,4,510,63042.020000000019
4505,9,1863,76103.590000000011
4506,11,424,59535.95
4507,10,470,49971.079999999994
4508,3,310,46736.249999999978
4509,2,3184,351509.39999999997
4510,50,438,48322.73
4511,2,1152,101621.11000000004
4512,2,372,44643.62000000001
4513,64,728,79820.290000000008
4514,1,705,81468.550000000032
4515,8,270,27053.319999999996
4516,29,444,61307.62000000001
4517,9,354,65387.220000000016
4518,5,901,97858.50999999998
4519,9,585,99999.44
4520,9,446,48963.390000000014
4521,12,267,38269.609999999986
4522,3,1239,83484.020000000019
4523,11,340,52803.779999999992
4524,4,995,50781.309999999976
4527,1,319,26258.930000000008
4529,3,499,53173.890000000007
4530,4,572,63005.08
4531,15,393,63811.710000000014
4532,14,355,35941.04
4533,12,308,55779.10000000002
4535,12,548,77700.169999999984
4536,19,471,67993.929999999964
4537,1,601,66954.990000000034
4539,12,402,36300.87000000001
4540,4,483,52012.289999999994
4541,4,271,25069.03000000001
4542,1,392,59731.84000000004
4543,15,514,55040.150000000016
4544,4,470,54742.01
4546,4,214,31633.960000000006
4547,4,799,116263.00000000006
4548,13,299,37845.279999999992
4549,4,457,55300.62999999999
4551,22,603,68137.319999999992
4552,12,765,77255.789999999979
4553,12,400,50891.900000000016
4554,25,331,33723.57
4555,10,268,41113.290000000008
4556,10,327,43327.399999999994
4558,4,1582,162712.27000000005
4559,4,1524,194030.04
4560,4,675,64358.839999999989
4562,12,334,47445.79
4565,11,425,44493.060000000012
4566,4,2020,73837.949999999983
4568,4,1505,228788.28
4569,4,839,84206.87000000001
4571,19,397,54541.55000000001
4573,22,236,35448.770000000011
4575,1,642,70814.530000000028
4577,22,454,49500.48000000001
4578,3,386,53812.080000000009
4582,3,1333,354957.00000000012
4584,4,631,31650.510000000002
4585,29,232,40917.619999999995
4588,4,2081,333041.01000000007
4590,2,637,72163.49
4591,3,482,61683.02
4594,5,1600,48442.960000000006
4596,1,1677,67948.139999999985
4599,2,2004,112021.45
4601,1,1124,63679.350000000013
4602,92,748,95408.199999999953
4603,323,30,3248.0399999999995
4604,5,3425,390848.90000000014
4605,1,872,57498.459999999992
4607,13,191,24786.680000000008
4608,2,673,135911.51
4609,2,731,64755.380000000005
4610,26,255,27777.450000000012
4613,12,261,36712.840000000018
4617,1,5363,401185.76000000018
4621,327,57,6211.13
4622,1,1960,92290.089999999967
4623,15,304,39848.459999999992
4624,59,464,30373.509999999995
4626,1,1423,87717.400000000038
4627,3,422,53521.540000000008
4629,1,1071,103522.37000000001
4630,3,897,242588.66000000003
4631,2,1384,138145.66000000003
4633,15,426,60148.689999999995
4634,192,136,12961.069999999998
4635,82,305,43416.80999999999
4636,80,253,21377.839999999989
4637,68,566,40637.720000000023
4638,5,2336,454702.70000000013
4640,3,973,269464.63999999996
4641,1,1096,108036.34999999999
4642,2,932,103227.75999999997
4643,22,138,28203.020000000015
4644,68,441,51682.579999999987
4645,85,182,21603.240000000005
4651,4,1069,61840.960000000006
4652,5,2618,384264.25
4653,12,857,67738.62
4654,1,663,57164.030000000006
4655,3,594,47671.31
4656,2,561,66178.06
4657,11,535,52002.090000000004
4658,12,335,35009.579999999994
4659,2,330,49162.229999999996
4660,2,494,101139.63999999997
4661,1,1288,34752.049999999996
4663,12,393,51007.73000000001
4664,15,396,59501.850000000006
4665,2,1542,125641.76999999999
4668,2,908,121240.41
4673,3,1379,200140.45000000007
4674,9,1135,83651.85000000002
4675,2,1098,79145.229999999981
4677,5,901,2426343.9899999998
4678,1,1468,382311.97999999992
4679,10,291,27750.500000000011
4684,4,773,105865.44000000005
4685,4,134,12851.849999999997
4687,9,1679,70405.349999999991
4688,12,246,32974.890000000007
4689,24,132,16268.099999999999
4692,16,137,18503.999999999996
4694,4,1181,202816.89999999994
4695,16,256,30916.509999999987
4696,2,1396,53194.25
4697,2,1723,484673.67999999988
4698,3,1746,203365.5
4699,12,273,41299.450000000012
4700,4,671,43087.52
4701,43,49,8037.96
4702,190,88,17850.419999999995
4703,25,310,46998.73
4705,46,248,38169.129999999983
4706,54,66,14159.3
4707,96,36,4241.9199999999992
4708,1,420,56427.540000000008
4709,2,224,44931.810000000012
4710,40,172,25129.880000000008
4711,40,111,14991.83
4712,4,314,39713.409999999996
4713,102,210,9502.1299999999974
4714,11,214,21032.12
4715,12,238,44111.88
4716,31,53,8997.9
4717,12,197,35381.72
4718,16,157,32120.040000000005
4719,47,162,28445.94
4720,29,434,64293.810000000012
4721,15,208,21016.950000000004
4722,1,192,29822.060000000005
4723,30,231,43974.219999999994
4724,89,137,12359.739999999998
4725,2,2524,181033.97000000009
4726,17,360,67024.98
4727,45,123,25142.819999999996
4728,4,699,69391.73000000001
4730,2,596,66921.449999999968
4731,5,356,50589.789999999994
4732,1,359,51755.139999999992
4733,30,356,63718.44
4734,114,164,35960.49
4735,10,151,30801.78
4736,43,141,27944.129999999994
4737,194,22,4275.5399999999991
4738,2,952,77092.540000000023
4739,16,93,19722.719999999998
4740,15,255,52554.659999999982
4741,1,645,79266.189999999973
4743,3,1813,273841.5400000001
4744,9,213,41985.72
4745,40,195,35292.93
4746,82,78,6565.7599999999984
4747,26,231,22466.170000000006
4748,5,353,41928.89
4749,33,188,17658.489999999998
4750,12,337,39431.62
4751,26,78,16695.719999999998
4752,2,1115,183598.48999999993
4753,1,688,52394.970000000008
4754,102,88,16654.920000000002
4755,275,47,8965.32
4756,32,109,24045.899999999998
4757,2,1704,113381.72999999998
4759,220,94,6507.6099999999988
4760,11,376,67527.54
4761,107,129,24765.419999999995
4765,75,111,6316.5200000000013
4766,26,278,25938.400000000005
4767,2,1282,78819.409999999989
4769,4,589,117681.5
4770,3,216,32098.719999999998
4774,10,538,57708.170000000035
4775,1,565,46144.85000000002
4777,10,329,44058.51
4779,15,268,47662.479999999981
4780,3,359,62713.86
4781,19,267,42332.430000000008
4782,15,183,31692.34
4783,3,411,45264.009999999995
4785,1,912,84110.63
4786,4,985,76024.029999999984
4787,4,1466,77378.670000000013
4788,19,143,28121.039999999997
4790,29,509,19286.48
4791,18,90,19511.46
4792,1,658,73485.739999999962
4793,24,432,27951.849999999991
4794,1,2928,190791.93
4795,2,597,100540.78999999998
4796,1,169,36385.56
4797,12,173,36521.16
4798,14,42,7313.5400000000009
4799,29,193,38496.780000000006
4800,29,111,24072.54
4801,51,323,67900.62
4802,2,864,170019.06
4803,1,601,123899.82
4804,2,271,54738.419999999991
4806,5,934,178751.41000000006
4808,1,974,133243.16
4810,2,1397,71425.189999999988
4811,14,306,40334.999999999993
4817,14,448,54744.650000000009
4818,1,994,102668.98
4821,10,471,57861.869999999981
4823,15,412,64189.349999999969
4824,1,747,122411.38
4825,4,388,58966.96
4828,4,420,72820.809999999954
4829,1,18808,13296155.11
4831,1,567,40657.380000000005
4836,18,455,30935.099999999988
4837,11,628,31086.299999999996
4838,1,499,61189.380000000012
4843,19,720,20557.639999999992
4844,46,476,17346.74
4848,11,879,71065.079999999973
4849,1,275,160892.81000000003
4852,5,702,39363.880000000005
4853,2,886,57870.089999999967
4854,3,594,77641.60000000002
4855,11,331,40228.990000000005
4856,4,457,51222.819999999992
4857,1,756,24922.600000000009
4858,43,151,11024.980000000001
4859,22,454,53990.99000000002
4861,19,684,53425.209999999992
4866,2,2183,129124.42
4867,3,741,95071.190000000017
4868,1,1128,79174.6
4872,3,1161,82447.46
4873,1,692,58351.200000000012
4876,1,1340,216043.84999999995
4877,2,3826,539927.34999999986
4879,213,808,155414.61999999994
4880,1,571,39824.759999999987
4882,11,880,55438.25
4884,4,1370,135917.15000000002
4885,12,387,41885.409999999989
4887,19,520,40670.310000000005
4888,4,1636,88096.969999999972
4890,15,655,62310.759999999987
4891,4,2344,244165.79000000007
4893,2,883,93032.83000000006
4896,1,570,65350.259999999987
4897,1,1677,146612.19999999995
4898,1,1101,93883.820000000036
4899,10,944,67858.24
4901,1,1703,387455.97999999992
4902,3,1302,166039.84999999998
4907,2,1082,132809.33000000002
4910,3,1390,210858.12000000008
4911,26,503,35340.279999999992
4912,1,655,46814.700000000026
4915,19,367,63082.31
4921,4,1518,97946.700000000055
4923,19,136,21156.30999999999
4929,1,583,64512.919999999991
4930,29,382,58125.37999999999
4932,2,1223,120892.02999999996
4933,1,201,19707.15
4934,15,393,55257.27
4937,15,341,45986.329999999987
4938,3,459,42295.24
4941,2,1328,101213.52000000002
4942,1,628,78959.11
4944,4,247,33945.21
4945,285,288,10682.129999999997
4949,4,618,68207.49
4950,12,1437,77491.909999999974
4953,22,180,23722.950000000004
4956,4,865,87047.860000000044
4960,23,973,323443.11999999982
4962,4,1439,293307.41999999987
4967,4,3259,124406.91999999995
4968,47,200,30000.079999999998
4969,2,4919,838475.77999999945
4970,3,1310,93046.310000000012
4971,2,1975,414913.22999999992
4972,1,1238,54259.799999999996
4973,4,1502,190675.83999999994
4975,11,311,65018.579999999994
4978,3,1240,147545.33000000005
4980,3,941,57088.640000000007
4981,11,363,41622.24
4982,4,237,33250.85
4983,1,194,26848.82
4985,18,236,22897.100000000002
4988,2,9696,1558397.1199999994
4989,53,239,39933.93
4991,169,121,15285.079999999994
4993,3,1945,129390.7
4997,1,1976,291115.99999999988
4998,12,838,107035.93
4999,4,1038,52573.59
5000,2,556,82026.450000000026
5003,3,1808,332375.06000000017
5004,4,1447,138672.72000000003
5005,14,792,58385.040000000037
5006,33,199,11591.01
5007,25,435,57578.040000000008
5010,4,1319,92147.169999999955
5017,1,1463,115243.46999999996
5021,3,332,32440.880000000008
5027,4,636,194945.58
5028,4,711,118510.43999999999
5029,3,1988,361222.47000000009
5035,30,313,56094.210000000014
5039,12,428,59000.39
5041,1,627,64859.950000000012
5044,1,508,81215.960000000021
5050,1,1528,245471.29999999996
5051,2,1862,168589.13999999998
5052,1,804,83234.84
5054,3,4545,465003.74999999988
5055,16,208,23966.739999999998
5056,15,277,47510.160000000011
5057,2,1536,91535.849999999977
5058,2,960,61172.680000000008
5059,14,523,42815.220000000008
5060,11,1173,126931.36999999998
5061,12,801,116912.49999999996
5062,10,526,36717.290000000023
5064,4,692,84880.12999999999
5065,4,411,28396.42
5068,3,5881,635362.93
5069,3,1242,89406.19
5070,5,1869,74629.079999999973
5071,3,1903,85421.489999999976
5072,3,477,67041.54
5073,2,854,187803.5
5077,1,2197,373998.87
5079,25,279,31854.019999999993
5080,3,2379,287872.29000000004
5081,1,921,93757.640000000043
5082,15,536,63552.990000000013
5086,4,2421,214664.96000000008
5089,4,751,63801.07
5091,4,1950,75266.359999999986
5092,5,2451,99393.890000000014
5094,12,692,107414.56999999998
5096,39,313,55319.239999999983
5097,2,1083,236106.81000000003
5098,2,1587,317760.05999999988
5099,2,948,94483.819999999963
5100,4,933,184370.81999999998
5102,2,8140,3935156.0399999996
5106,1,2032,236729.70999999996
5107,9,2041,67419.84
5108,5,1263,145491.55999999994
5109,14,644,63544.35
5110,15,496,35969.94
5113,3,3361,369392.64000000007
5114,11,509,73572.980000000025
5116,5,1930,247868.69
5117,4,461,48319.95999999997
5118,19,200,19367.929999999993
5120,11,465,52856.390000000021
5126,156,1199,182693.18999999992
5127,2,2665,405016.30000000022
5128,2,1726,254105.09000000005
5131,1,1894,243708.70000000004
5133,4,707,90446.87999999999
5135,2,1638,277004.85
5138,5,1103,45517.089999999989
5141,26,237,37091.890000000021
5142,2,1871,113907.64999999997
5144,2,2208,2460867.0100000007
5145,1,2795,501295.72000000009
5146,2,1470,626923.67999999959
5147,4,491,33166.62
5148,16,319,65474.94
5149,1,1733,246210.95999999996
5150,19,265,35278.05999999999
5151,4,2146,250023.59
5153,4,992,78572.370000000024
5155,205,398,53590.989999999991
5156,4,272,25197.159999999993
5157,1,782,119995.36999999992
5159,12,435,42271.840000000004
5170,11,208,32810.4
5171,32,120,42558.3
5173,4,1828,127818.30999999994
5175,67,89,6164.739999999998
5176,4,4251,179792.54999999996
5177,15,335,51636.939999999995
5179,3,440,39820.53
5181,4,633,59751.07
5182,22,153,19115.839999999997
5183,1,462,42192.27
5184,4,988,74425.339999999982
5185,4,888,52995.979999999967
5186,18,538,70684.69
5187,2,1692,187515.51000000007
5188,11,422,55086.270000000011
5190,4,821,53384.44000000001
5191,22,293,30536.789999999994
5193,12,170,26368.619999999995
5195,15,754,120126.28
5196,4,625,44780.990000000005
5197,4,2272,100190.45999999996
5198,4,2283,329901.86000000016
5200,3,243,34277.520000000019
5202,3,248,34160.37000000001
5203,4,741,67738.60000000002
5204,1,766,115169.51000000001
5205,4,975,43238.909999999996
5206,4,1031,116642.59000000003
5207,5,2392,389471.35999999987
5208,15,104,14309.969999999996
5209,19,152,24833.1
5210,1,2783,239169.81999999995
5211,2,2121,111651.56000000006
5213,16,213,22109.299999999996
5214,19,113,16995.44
5216,22,316,43747.999999999993
5217,29,172,14466.199999999997
5222,5,1606,259919.15000000002
5223,1,709,60876.52
5225,4,651,42704.700000000004
5226,4,1527,195707.18000000002
5228,11,324,50964.850000000013
5229,1,968,70969.620000000024
5230,3,1692,463611.84999999992
5232,11,309,25927.51999999999
5233,22,455,84307.559999999954
5234,40,302,45495.179999999978
5235,1,838,68719.13
5236,1,4918,526584.93999999983
5237,1,1021,160232.70000000004
5239,15,291,35767.420000000013
5240,4,366,68687.500000000015
5242,4,1544,76342.12
5244,4,3702,506638.63999999978
5245,9,1778,177728.06000000003
5246,3,585,71924.49
5252,1,1316,133310.80999999997
5253,1,899,53479.87999999999
5254,2,1800,220419.15000000002
5255,5,493,110696.94000000012
5256,26,317,35251.530000000006
5257,1,3201,833396.07999999984
5260,277,65,8449.78
5263,4,1538,224539.6700000001
5264,10,597,79271.47
5265,148,76,14009.669999999995
5267,50,95,16107.380000000003
5268,1,1259,72630.860000000015
5269,29,58,9497.4
5270,2,769,91959.110000000015
5273,10,1299,76571.910000000047
5274,318,141,16460.820000000003
5275,12,714,73567.629999999976
5276,1,216,32515.639999999992
5277,11,490,53350.310000000005
5279,2,748,68529.000000000029
5280,2,286,51334.879999999983
5282,8,82,14767.700000000003
5283,16,120,23708.779999999995
5287,10,256,36518.520000000011
5289,4,375,51836.359999999993
5291,176,305,43705.60000000002
5292,1,1094,68938.24000000002
5293,3,4693,964992.46000000031
5294,18,87,10763.949999999999
5295,18,463,68006.32
5296,29,149,27674.839999999997
5297,14,263,42280.899999999994
5298,1,1331,280669.04
5300,14,228,39330.36
5301,3,271,41891.119999999988
5302,24,297,42883.939999999995
5303,4,614,122062.73000000004
5306,4,71,11286.740000000002
5307,4,1435,294342.56000000006
5314,9,3364,126484.55000000005
5315,2,4487,158717.07
5316,3,1500,50451.770000000004
5317,4,642,85851.05
5319,103,864,106437.73000000003
5321,19,154,20321.909999999993
5322,1,1022,105560.0
5326,4,2233,312383.13
5327,15,2077,259186.32999999996
5328,36,110,15173.199999999995
5329,4,428,79752.299999999988
5331,4,454,51008.609999999993
5332,1,1334,99540.99000000002
5333,1,1588,168940.45
5335,3,1441,195613.42999999996
5336,89,221,21702.69
5338,2,1195,95422.339999999982
5339,176,443,48788.809999999983
5340,5,1473,92567.929999999978
5342,15,834,112499.03
5343,4,1552,65203.22
5344,11,616,97873.009999999951
5347,5,1621,105241.70999999996
5349,10,406,58960.029999999992
5350,1,374,52135.969999999979
5351,4,4290,1022428.5399999999
5352,11,740,86735.060000000027
5353,3,655,59296.26999999999
5354,9,408,40665.880000000012
5355,1,193,23850.83
5356,12,826,95508.030000000057
5358,4,783,71758.549999999988
5359,4,838,209088.4199999999
5361,2,1419,94759.889999999985
5362,4,1621,189301.18000000005
5363,9,856,65044.789999999994
5366,4,1484,261170.09999999995
5367,1,325,44283.250000000007
5368,32,324,26727.779999999992
5369,4,369,50997.240000000005
5371,3,760,119455.85
5373,1,349,36334.88
5374,3,1385,277088.86999999994
5375,1,1217,112486.13999999996
5376,18,200,25736.670000000009
5377,4,357,47200.939999999995
5378,18,242,39305.099999999991
5379,3,118,14767.710000000001
5380,130,762,59738.259999999987
5381,1,198,26940.39000000001
5382,9,857,73856.05
5383,26,384,38278.58
5384,22,655,50387.890000000014
5386,10,436,68869.470000000016
5387,1,369,58526.98
5388,4,513,71549.709999999992
5389,4,175,27169.819999999996
5390,11,733,64265.060000000019
5391,8,326,43857.400000000031
5392,30,326,45556.0
5393,26,268,48277.439999999995
5394,13,229,41148.23000000001
5395,1,232,42200.459999999985
5396,4,635,63496.279999999984
5397,4,888,92028.29
5398,3,297,31859.23
5399,19,406,68676.040000000023
5400,39,119,13108.369999999997
5403,4,1249,141767.83
5404,4,756,56011.650000000016
5405,4,540,61315.28
5406,4,784,71702.189999999988
5407,12,375,38354.96
5408,25,204,32563.60000000002
5409,15,960,68805.4
5410,4,275,36276.999999999993
5411,1,1073,142929.34
5412,4,359,50583.35
5413,4,528,41905.760000000024
5415,3,1524,258147.50999999998
5417,4,1145,114152.14999999997
5418,3,440,64478.600000000006
5419,18,372,33103.659999999996
5420,12,409,42560.57
5421,4,316,55415.840000000004
5422,1,868,58819.960000000014
5423,4,5803,366039.83000000019
5425,1,2331,306354.21
5428,16,298,48157.239999999991
5431,4,3077,260578.69000000003
5432,19,819,112049.58000000003
5434,1,2238,141318.59999999998
5435,10,961,71543.819999999978
5436,5,2504,124358.33000000005
5437,1,1625,122220.50000000004
5439,3,957,36819.460000000006
5441,4,3026,340170.10000000015
5443,1,3354,639793.05
5444,4,5418,871602.07000000018
5445,11,353,53707.979999999989
5446,354,62,7248.829999999999
5447,207,250,32694.71000000001
5448,3,1167,214777.76999999996
5450,14,637,43246.59
5452,13,178,25025.839999999997
5453,23,495,41044.819999999992
5458,4,271,48838.57
5459,1,482,41573.339999999989
5460,11,1852,68275.98
5462,5,916,132996.70999999996
5463,1,953,168215.63000000003
5465,2,1665,84465.319999999992
5466,1,1729,236495.88999999996
5467,15,320,44064.180000000015
5469,17,302,44467.070000000007
5471,1,2355,355355.37
5477,1,266,46044.929999999993
5478,15,412,58448.15999999996
5479,22,297,52646.4
5480,18,422,50277.770000000019
5481,5,1296,320636.51999999996
5482,4,1492,247435.5500000001
5483,4,230,17613.410000000003
5484,9,485,71118.389999999985
5488,4,184,27528.56
5489,10,438,45373.14
5496,4,1188,218555.83999999994
5497,4,275,47520.270000000011
5498,11,271,13315.7
5499,2,900,97528.550000000017
5501,2,1964,122188.17999999996
5502,10,439,71497.140000000014
5504,3,1480,136400.89999999997
5506,26,344,29649.189999999988
5507,1,1467,84813.699999999983
5510,4,644,35903.61
5511,4,610,37916.349999999991
5512,36,352,42079.220000000023
5513,1,515,60339.340000000004
5514,4,3903,675584.95999999985
5515,14,971,176365.56000000003
5516,74,130,9936.1099999999969
5517,1,1789,104621.36000000003
5519,4,581,72496.420000000027
5521,1,953,81015.3
5522,4,716,55777.919999999984
5526,3,2908,355995.86
5529,4,380,24941.53
5530,18,175,29872.390000000007
5531,43,209,16826.68
5532,12,274,41469.340000000004
5533,2,1547,397382.93
5534,4,949,138181.51000000004
5535,4,490,45898.579999999994
5536,2,822,77975.089999999982
5537,4,592,50074.050000000017
5538,4,512,53544.950000000019
5539,2,577,65971.14999999998
5540,18,464,51386.54
5541,11,540,69218.539999999979
5542,26,406,55408.810000000027
5543,22,162,25159.370000000014
5544,22,249,35163.329999999994
5545,1,998,81490.85
5546,5,508,41821.460000000006
5547,1,333,41805.78
5548,12,368,41498.25
5549,1,426,59738.970000000023
5550,10,644,49143.56
5551,26,388,50537.159999999996
5552,9,439,67968.769999999975
5553,19,400,50767.430000000015
5554,4,125,22190.52
5555,2,1163,147653.1400000001
5556,14,606,104424.75000000003
5557,1,527,56567.549999999996
5558,1,526,62625.159999999974
5559,31,1314,181256.67000000004
5561,1,1130,68356.43
5562,22,356,53309.739999999983
5563,4,1303,97097.22
5564,2,1317,127934.39999999995
5565,2,1023,110574.77999999997
5567,4,976,38409.680000000008
5568,3,414,37107.26999999999
5569,1,643,76127.53
5570,19,487,66884.23
5571,10,359,43641.09
5572,15,506,66889.369999999981
5573,5,441,58791.889999999985
5574,22,705,79361.55
5575,15,589,60933.430000000008
5576,1,295,41358.640000000014
5580,29,283,33605.680000000008
5581,29,203,27396.310000000009
5582,11,315,48164.679999999986
5583,1,461,76933.06
5585,57,296,50168.080000000009
5588,4,199,23117.590000000007
5590,2,960,76147.300000000032
5591,10,683,61724.530000000006
5592,11,1092,54526.120000000017
5593,4,979,159174.99
5594,12,536,34563.140000000007
5595,2,44,8528.92
5597,4,1934,403337.73
5599,1,2113,349749.33999999997
5600,1,2796,731600.36
5601,1,895,44153.12
5602,9,248,34122.400000000016
5603,18,243,34253.970000000008
5604,9,658,66236.309999999983
5605,11,492,60990.350000000013
5606,4,1203,194978.49000000005
5607,22,374,48763.649999999972
5608,11,284,35341.430000000008
5609,3,592,66542.719999999972
5610,15,356,44000.72
5611,1,383,50849.28
5612,3,309,42698.040000000008
5613,3,249,27282.489999999998
5615,1,1758,66975.39
5616,3,580,38457.770000000004
5617,12,366,65700.23
5618,12,923,77007.000000000029
5619,18,324,48058.700000000004
5620,4,485,72365.550000000017
5621,5,524,65878.529999999984
5622,11,457,48890.410000000011
5623,1,2292,351217.1
5624,12,220,35851.840000000004
5625,2,1274,73457.46
5626,3,318,40565.81
5627,4,281,50416.799999999974
5628,3,701,143282.93000000002
5630,4,559,79896.269999999975
5631,1,481,79024.670000000013
5632,1,591,80909.510000000009
5635,3,1174,82471.590000000011
5636,3,1730,266387.89
5637,75,144,39887.660000000011
5638,11,196,29976.930000000011
5639,11,244,28899.830000000005
5640,12,353,57239.639999999992
5641,4,266,30728.339999999997
5642,18,802,49509.619999999995
5643,4,2167,95095.130000000019
5645,4,3439,255561.04000000012
5646,4,1982,278083.25
5647,33,108,14747.099999999999
5648,1,432,85564.29
5649,4,774,55826.860000000015
5650,4,342,24466.329999999998
5651,2,5180,373067.75000000006
5652,1,1756,267882.46
5654,1,71,41142.359999999993
5655,3,1690,242103.76
5656,4,1012,165950.48999999996
5658,1,204,32847.900000000016
5659,19,142,16237.190000000004
5660,4,2168,395105.53999999975
5662,3,2364,336178.19000000012
5663,4,1337,208279.58000000002
5664,2,449,67881.24000000002
5665,78,161,17040.609999999993
5666,1,770,1626705.3200000003
5667,19,154,19572.839999999997
5669,3,1700,175253.6
5670,4,626,103740.58999999995
5671,1,1060,137428.43999999994
5673,11,286,28767.269999999997
5675,144,44,4381.0800000000008
5676,2,2133,304871.09000000008
5677,10,231,37599.640000000007
5678,4,2354,294919.6
5680,2,354,44987.429999999993
5681,4,1345,118118.35000000002
5682,4,1524,309882.38000000006
5683,18,337,47852.49
5684,2,1581,177462.74
5685,2,1517,234334.97000000009
5687,4,855,97590.41
5691,3,1243,409666.72000000009
5692,5,604,85134.37000000001
5696,29,270,41431.880000000005
5697,1,513,59944.969999999979
5698,1,767,97684.23
5701,4,1744,109287.62000000001
5702,1,739,142150.18999999994
5703,3,1349,217863.6
5708,4,1264,151047.11999999997
5710,4,895,66751.269999999975
5711,18,128,22815.250000000007
5712,11,495,42649.680000000008
5714,43,84,13665.179999999995
5715,3,599,40761.090000000026
5716,5,667,55280.85
5717,2,538,72011.939999999973
5718,11,352,54593.060000000005
5720,18,367,62917.610000000022
5721,11,169,19343.01
5723,1,439,52853.919999999991
5724,14,358,49454.89
5725,12,331,36340.23
5726,1,2670,128761.70999999999
5727,4,708,107489.78000000003
5728,4,2638,540371.33
5730,3,832,109753.26
5731,3,1603,137710.95000000004
5734,5,1254,204030.33
5735,4,1468,207895.91000000006
5736,4,1312,253337.34000000011
5737,1,392,80681.060000000027
5738,15,346,51631.060000000005
5739,33,243,27952.460000000006
5740,1,1485,175049.55000000002
5741,159,387,47875.709999999992
5743,3,1073,84400.88
5744,24,69,10035.579999999998
5745,11,356,48003.320000000007
5746,47,195,29012.250000000004
5747,16,553,68376.56
5748,9,337,23609.66
5749,12,214,28794.859999999997
5750,2,633,69799.310000000012
5751,15,193,27488.72
5752,1,430,43242.290000000015
5753,18,229,27144.920000000002
5754,1,365,69947.5
5755,3,398,58716.890000000007
5756,14,385,28232.039999999986
5757,14,326,32702.72
5758,1,654,53968.870000000017
5759,71,229,25741.159999999996
5760,4,285,26988.609999999997
5761,17,191,34317.140000000007
5762,3,464,43145.05
5763,16,354,36194.030000000006
5764,12,165,22943.190000000002
5765,12,260,40852.100000000006
5766,12,600,60201.340000000018
5767,22,167,19446.78
5768,36,202,31752.350000000009
5769,10,320,38629.96
5770,11,434,50841.420000000013
5771,25,226,35350.8
5772,4,477,56089.000000000015
5773,3,563,41069.58
5774,11,261,40054.250000000015
5775,3,454,68734.73000000001
5776,19,279,41517.739999999991
5777,1,800,80210.759999999966
5778,23,360,49139.55000000001
5779,10,291,47548.820000000007
5780,16,363,47633.77
5781,12,484,59022.260000000024
5782,1,727,91352.349999999977
5783,10,347,38480.610000000022
5784,3,366,33785.779999999984
5785,15,402,52138.049999999996
5786,4,659,56734.729999999989
5787,1,621,35616.44
5789,1,367,50612.720000000008
5790,95,364,52951.80999999999
5791,29,118,22059.84
5792,52,185,15070.959999999997
5793,4,131,16626.519999999997
5794,12,449,50409.679999999993
5795,12,239,38019.779999999984
5796,10,248,33726.060000000012
5797,11,412,46687.240000000005
5798,16,291,37135.009999999995
5799,4,269,37119.029999999992
5800,4,1212,93214.729999999967
5801,15,211,24784.700000000008
5802,23,620,57733.05
5803,2,1338,101259.66
5804,19,223,22262.269999999993
5805,19,264,33797.31
5806,38,188,18641.150000000012
5807,15,299,30546.74
5808,2,492,44268.060000000005
5809,15,191,23003.05000000001
5810,16,445,42262.57
5811,50,247,28918.359999999997
5812,3,268,39074.3
5813,4,800,70605.200000000012
5814,12,520,52988.209999999992
5815,4,1343,161344.16
5816,2,337,48612.179999999986
5817,11,353,35878.94999999999
5818,11,352,38213.740000000005
5819,26,125,21744.260000000002
5820,10,160,19003.130000000005
5821,15,347,51701.489999999991
5822,10,508,58587.32
5823,4,527,78707.65
5824,19,209,25591.110000000008
5825,1,589,68147.209999999992
5826,3,528,75209.24000000002
5827,16,330,53078.30999999999
5829,4,526,78855.00999999998
5830,5,562,45801.340000000018
5831,1,351,31945.620000000006
5832,12,124,15687.789999999992
5833,16,179,26017.000000000007
5834,12,511,33228.05999999999
5835,10,282,41850.15
5836,3,154,22265.530000000006
5837,3,269,37491.11
5838,23,185,28938.340000000007
5840,24,384,56038.32
5841,1,512,39866.999999999993
5844,15,606,70364.960000000021
5845,2,820,116814.86
5846,4,1414,228065.4800000001
5847,4,864,123059.67
5848,11,345,19788.660000000003
5849,2,590,83079.959999999963
5850,5,334,54233.469999999979
5851,15,268,27535.900000000005
5852,22,237,28722.960000000014
5854,5,563,48527.499999999978
5855,46,111,18369.459999999995
5856,3,1872,119840.75000000001
5857,19,507,51062.66
5858,1,400,55910.620000000032
5859,2,2235,343031.58999999985
5860,2,847,60836.189999999988
5861,9,463,60453.380000000019
5862,296,60,4192.3799999999992
5863,3,818,76931.469999999987
5864,15,289,48015.470000000023
5866,3,610,35338.73000000001
5868,14,936,90285.910000000076
5869,2,1490,223419.32000000004
5870,4,2191,335390.81000000006
5871,4,1038,188635.5
5872,3,239,37064.44
5873,2,2904,344123.38000000006
5874,40,164,18286.61
5875,11,191,20228.05000000001
5876,3,984,123360.94999999997
5877,2,738,63597.369999999974
5878,4,350,35590.659999999989
5879,2,282,36341.140000000014
5882,3,1069,36139.55000000001
5883,1,216,27377.570000000007
5884,4,451,39466.720000000008
5885,11,272,18619.039999999994
5886,4,2865,309060.51000000013
5887,2,842,73977.419999999984
5888,5,1162,92219.949999999953
5889,2,1725,185036.75000000012
5890,12,306,38884.61
5891,1,495,49684.43
5892,3,668,54798.02
5893,11,463,62237.460000000021
5894,1,268,54170.019999999982
5895,14,115,19737.320000000003
5896,1,484,32969.100000000006
5897,184,554,98988.00999999998
5898,25,97,13115.179999999998
5900,3,1720,182739.00000000006
5901,89,1102,161557.03000000006
5902,4,1065,163273.26
5903,15,442,70937.499999999985
5906,331,122,10792.199999999995
5909,4,1083,111593.59999999999
5910,1,2269,547175.4
5911,1,1053,99424.590000000069
5912,22,994,132919.78
5913,16,308,44938.020000000004
5914,3,740,106252.92000000001
5915,1,4055,220242.88999999996
5916,1,10055,5705737.32
5917,1,3288,503946.48000000016
5918,109,240,40624.69
5919,29,180,27105.070000000014
5920,2,1131,76775.42
5921,9,333,31784.959999999995
5922,22,429,59819.679999999986
5923,10,438,52340.51999999999
5925,1,481,44956.62999999999
5926,11,403,88495.669999999984
5927,191,143,34361.85
5928,38,198,27086.25
5929,124,292,41284.499999999978
5931,3,447,50569.970000000008
5932,102,61,14367.269999999999
5933,3,969,169000.60999999996
5934,11,477,111512.18000000005
5935,1,341,49865.47
5936,169,872,42645.570000000007
5937,3,678,73006.1
5940,10,504,36196.090000000004
5941,2,3296,357660.03999999992
5944,110,86,12492.600000000006
5945,12,441,56145.340000000011
5946,2,980,138342.07
5949,4,2272,428126.17000000004
5950,22,311,45720.159999999996
5951,22,438,77111.969999999972
5952,4,1334,170973.84
5954,22,137,13926.859999999997
5955,4,432,73375.159999999974
5956,4,752,138232.94999999998
5957,4,1116,155594.84000000008
5959,18,37,5486.4000000000005
5960,2,1028,131521.97000000003
5961,18,186,18580.409999999993
5962,26,124,18859.11
5963,10,416,42938.599999999977
5964,14,356,56159.900000000009
5965,14,221,25815.960000000003
5966,1,526,28134.430000000004
5967,1,478,39459.48000000001
5968,15,349,38494.400000000009
5969,19,336,42121.51
5970,1,214,18577.849999999995
5971,139,3609,165078.56
5972,25,222,24511.260000000002
5973,25,324,33389.64
5974,1,425,59279.849999999969
5975,29,447,46207.74
5976,1,322,53496.809999999983
5977,10,232,32252.950000000012
5978,10,173,23814.530000000002
5979,4,449,38811.51999999999
5980,25,147,19928.86
5981,2,489,61525.100000000006
5982,2,337,37757.98000000001
5983,13,132,18313.68
5984,10,443,50905.500000000007
5985,16,208,24282.000000000011
5986,3,278,28250.440000000006
5987,11,343,50457.680000000008
5988,18,268,27294.299999999992
5989,4,494,31313.740000000005
5990,43,238,29573.390000000007
5991,14,181,18170.949999999997
5992,3,253,28406.019999999993
5993,10,350,45754.179999999964
5994,11,549,134266.82999999993
5995,96,2094,227045.44
5996,10,181,29172.530000000013
5997,59,169,25485.81
5998,12,419,44985.510000000009
5999,19,367,47186.159999999996
6000,4,1632,80509.439999999973
6001,3,198,28625.199999999997
6002,4,452,52245.289999999986
6003,2,341,50842.37000000001
6004,1,494,81658.899999999965
6005,9,542,79570.349999999991
6006,2,681,69472.12999999999
6007,2,754,43794.439999999995
6008,11,796,178265.40000000002
6009,22,206,32657.1
6010,67,81,10369.919999999998
6011,2,354,48277.630000000005
6012,2,327,43847.91
6013,185,756,34092.799999999996
6014,2,150,17027.359999999993
6015,8,154,20840.09
6016,23,248,39785.53
6017,30,190,24926.030000000002
6018,4,458,51228.030000000006
6019,2,1735,169958.09000000008
6020,4,1074,154496.90999999995
6021,1,365,26375.600000000009
6022,3,318,26930.83
6023,3,895,36049.119999999995
6024,12,426,23198.940000000002
6025,19,140,16365.749999999991
6026,3,362,33874.990000000005
6027,3,516,79222.04
6028,1,836,83243.25
6029,3,969,61840.249999999993
6030,4,631,61912.469999999979
6031,12,222,23579.669999999995
6032,33,333,34488.240000000005
6033,46,233,36079.930000000008
6034,3,345,49591.310000000012
6035,1,3510,682624.00000000012
6037,4,300,37266.9
6038,11,340,49142.450000000019
6039,11,314,46895.520000000019
6040,3,765,99788.400000000009
6041,11,1436,358105.77000000008
6042,15,266,25273.250000000004
6043,11,288,47386.549999999996
6044,5,410,50855.270000000019
6045,1,1646,95041.830000000016
6046,5,682,74165.939999999988
6047,3,584,49845.500000000015
6048,16,211,25157.010000000002
6049,3,184,32132.37000000001
6050,15,629,54130.150000000023
6051,15,327,44636.250000000007
6052,1,752,61719.670000000027
6053,14,215,29885.220000000012
6054,2,1984,404925.95
6055,14,409,44483.47
6056,15,141,17879.899999999998
6057,2,1344,164815.09000000005
6058,3,233,14048.630000000006
6059,19,273,28487.089999999997
6060,68,1477,92347.22
6061,4,1269,125993.73999999998
6062,11,474,37701.03
6063,2,365,55162.789999999994
6064,1,575,64245.559999999983
6067,4,1031,150346.05000000005
6068,3,1324,146897.73999999996
6069,4,143,9698.6
6070,4,268,16796.31
6071,4,621,147502.16000000003
6072,4,1422,182749.82
6073,2,1459,222363.53999999998
6074,3,269,38678.430000000015
6076,3,1205,200921.28000000003
6077,198,53,8323.0700000000015
6078,2,1848,81721.34
6080,71,353,14181.18
6081,5,882,41254.779999999984
6082,1,1538,101882.95000000001
6083,2,1260,161818.49000000002
6084,326,61,4442.8500000000013
6085,29,346,26443.539999999997
6086,19,159,17499.839999999997
6089,15,709,32661.150000000016
6090,15,602,31879.490000000005
6091,4,733,152750.20000000004
6092,4,585,90335.11000000003
6093,1,519,37188.580000000009
6095,1,1394,165984.04000000007
6096,43,288,24460.170000000006
6097,10,419,61686.800000000017
6098,10,343,36587.270000000004
6099,3,782,46237.979999999989
6100,3,764,94298.0
6101,1,2118,190871.55000000008
6102,4,471,61896.45
6103,10,407,61574.739999999969
6104,26,294,47986.029999999984
6105,4,364,25230.97
6106,1,93,11344.999999999998
6108,1,2731,328057.54999999993
6109,144,102,3785.3599999999988
6110,25,162,8364.3199999999961
6111,29,82,4036.9400000000005
6114,38,82,10032.529999999999
6115,10,282,37695.520000000004
6116,2,1367,192188.13
6117,3,1013,89850.38
6118,1,2577,438638.17999999993
6119,5,2018,202793.92999999993
6120,4,407,47263.410000000025
6121,3,1403,166526.99000000005
6123,4,247,19888.869999999995
6125,4,1682,267459.55
6126,1,1619,216384.84999999992
6127,29,386,53192.360000000008
6128,331,12,3213.54
6129,2,4542,322984.80999999994
6130,1,2779,290793.48999999993
6131,11,65,8693.119999999999
6132,4,2237,350437.74999999988
6133,22,406,27951.87
6134,10,102,6146.4400000000014
6135,4,1456,161695.02000000005
6136,4,1319,164500.72000000006
6137,1,1792,132900.88999999998
6138,39,125,13202.630000000003
6139,4,1252,187038.65000000002
6140,2,2614,239875.03999999992
6141,4,445,75355.94
6142,340,210,13160.93
6143,3,3122,418095.83000000007
6144,2,4857,1707367.4400000002
6145,1,536,38375.030000000013
6146,1,1199,125387.01
6147,2,2073,311211.81000000006
6148,4,1547,191506.37999999995
6149,11,923,117645.35000000006
6150,11,375,30213.350000000006
6151,1,3512,789407.83000000019
6152,3,431,79826.840000000011
6153,318,22,2053.1299999999997
6154,248,836,80474.73000000001
6156,1,854,118934.62999999998
6157,45,166,24106.420000000002
6158,106,361,61160.909999999982
6159,64,1230,148371.55000000002
6160,45,1631,181568.39
6161,45,1386,129007.11999999998
6162,45,1147,124604.52000000003
6163,50,1266,127892.19999999998
6165,3,323,39865.54
6166,239,748,74814.549999999988
6167,2,259,33732.510000000009
6168,3,706,72514.670000000013
6169,178,591,43630.320000000014
6170,2,764,67500.95000000007
6173,3,2845,250357.48999999996
6174,47,1046,71040.860000000015
6175,1,294,17567.169999999991
6176,9,2891,229907.14000000004
6178,4,1069,247678.42000000004
6179,358,11,1183.44
6180,11,257,24870.29
6181,17,234,19390.960000000006
6182,313,28,3720.78
6184,326,14,3150.84
6186,12,2326,255465.1700000001
6187,17,337,55640.100000000006
6188,68,105,16911.839999999993
6189,3,873,246886.06999999992
6190,4,1996,211733.68999999997
6191,22,512,34755.05999999999
6193,10,116,9021.06
6194,2,1413,223609.26999999996
6195,1,1387,286860.70000000007
6196,333,7,1582.5
6197,3,1099,212377.22000000015
6198,124,799,53759.559999999983
6199,5,1033,56952.310000000027
6200,16,37,5267.3200000000006
6201,1,1607,218194.49000000002
6202,2,928,155169.23
6203,1,1904,209522.13999999993
6204,4,2323,278248.16999999993
6205,3,1888,174028.84000000008
6206,32,2361,242081.41000000006
6207,327,37,7647.39
6208,15,219,23650.120000000003
6209,1,7484,1514824.6
6210,4,948,102595.27000000002
6211,19,47,5920.59
6212,4,693,79944.020000000019
6214,2,951,96219.16
6215,2,1838,297124.20999999996
6217,4,1543,112362.53000000004
6218,24,167,24736.069999999989
6219,12,234,38678.520000000004
6220,2,533,75653.880000000019
6221,4,1174,238846.07999999984
6223,3,1600,376405.41999999993
6224,2,1769,220233.97999999998
6225,4,503,61729.219999999994
6226,4,786,84347.000000000015
6228,158,585,90776.74
6229,4,2393,458265.14
6230,12,81,21386.60999999999
6231,150,72,9009.4500000000025
6232,18,162,18228.899999999998
6233,5,1190,139402.34
6234,10,277,43250.920000000013
6235,1,3306,309551.18999999994
6236,3,9641,491356.01000000018
6237,12,787,26982.020000000004
6238,3,763,121661.31
6239,4,1327,128627.77000000002
6240,5,605,42261.090000000004
6241,11,198,19452.54
6242,2,6864,2857404.3600000003
6243,3,1036,180269.84000000005
6244,12,340,39634.48
6245,1,3267,241084.95
6246,18,361,49451.42
6247,11,670,28616.470000000005
6248,3,1466,99635.009999999966
6249,1,1250,217356.88999999996
6251,80,309,33603.630000000012
6252,1,1691,264994.3000000001
6253,29,151,18937.660000000007
6254,1,422,35811.6
6255,46,306,48447.389999999992
6256,1,3623,418165.21
6257,3,1456,169264.72000000006
6258,3,1081,152512.59999999998
6259,3,54,10828.92
6260,5,11,702.9
6261,1,1165,243496.50999999995
6262,4,1356,136856.79000000004
6263,4,1276,158794.47999999998
6264,2,1586,301255.75999999989
6265,1,823,60128.060000000012
6266,4,528,67928.660000000018
6267,1,1868,177372.47999999998
6268,3,2455,213151.50000000015
6269,5,2015,222044.24999999994
6270,12,143,22080.899999999998
6271,3,622,96965.73000000001
6272,4,215,38080.109999999993
6273,1,189,8465.86
6274,10,180,10482.119999999999
6275,3,1724,181347.90999999992
6276,4,366,42525.849999999977
6277,17,127,17813.540000000005
6278,65,221,88934.270000000062
6279,12,220,33949.079999999987
6280,243,107,16212.300000000001
6282,15,149,16626.140000000003
6283,4,370,35271.7
6284,11,444,54831.470000000008
6285,5,673,82388.930000000008
6286,4,503,65401.799999999996
6287,26,1393,172676.38999999996
6288,1,739,103542.3
6289,9,192,45084.419999999991
6290,4,1242,101069.80000000003
6291,1,124,13087.519999999999
6292,3,114,14018.819999999992
6293,10,145,16696.080000000005
6294,16,197,30623.360000000008
6295,3,429,55919.649999999994
6296,24,116,13114.849999999999
6297,22,185,24037.789999999986
6298,22,105,14391.48
6299,2,861,51452.339999999982
6300,2,546,30393.53000000001
6301,24,118,17436.859999999997
6302,24,84,9154.89
6303,1,2445,337894.55000000005
6304,2,2004,140617.87999999998
6305,24,85,9710.2900000000027
6306,3,865,140543.02000000002
6308,2,725,46184.709999999992
6309,78,135,12769.129999999994
6310,31,120,13626.479999999998
6311,1,1021,67593.579999999987
6312,12,207,22595.12
6313,1,1705,132008.06
6314,22,132,15491.71
6315,12,134,6737.2799999999988
6316,4,2405,592757.31999999983
6317,1,205,22577.09
6318,3,397,23318.890000000018
6319,11,250,27412.940000000002
6321,26,127,14793.699999999997
6323,2,1315,149898.78000000003
6325,3,73,4806.4299999999985
6326,2,479,82608.080000000016
6327,4,323,23056.309999999987
6328,102,150,23871.839999999997
6329,1,414,56523.979999999981
6330,43,19,3112.0899999999992
6331,4,1516,35824.889999999992
6332,68,138,16085.289999999994
6338,3,1282,147521.03999999998
6339,10,240,28060.010000000006
6341,15,185,32183.960000000003
6342,2,675,107660.07999999994
6344,2,869,142129.85000000003
6345,1,1474,104018.04999999997
9001,4,237,271884.65999999986
9002,4,62,218890.56000000003
9010,93,8,4248.96
9013,3,217,81038.39999999998
9031,58,17,10124.46
9037,17,52,31967.82
9038,25,6,153000.0
9039,15,47,210930.23999999996
9041,17,175,55106.039999999994
9042,2,108,80055.84
9046,106,1,1209.6
9047,4,99,111766.50000000001
9049,11,8,14837.400000000001
9051,11,4,1296.0
9052,17,5,7380.0
9053,19,10,6276.72